venue,year,paper_type,is_proceedings_track,title,speakers,authors,affiliations,arxiv_ids,session_name,scheduled_date,scheduled_time,duration_minutes,presentation_url,video_url,youtube_id,award,notes
TQC,2024,regular,TRUE,Multi-qubit Lattice Surgery Scheduling,Allyson Silva,Allyson Silva; Xiangyi Zhang; Zak Webb; Mia Kramer; Chan-Woo Yang; Xiao Liu; Jessica Lemieux; Ka-Wai Chen; Artur Scherer; Pooya Ronagh,,2405.17688,"Proceedings, Wednesday",2024-09-11,09:30:00,30,https://drops.dagstuhl.de/storage/00lipics/lipics-vol310-tqc2024/LIPIcs.TQC.2024.1/LIPIcs.TQC.2024.1.pdf,https://www.youtube.com/watch?v=_YUhZoqCkEQ,_YUhZoqCkEQ,Outstanding Paper Award,DOI: 10.4230/LIPIcs.TQC.2024.1; LIPIcs proceedings (Dagstuhl); yt_match=0.80; program: BibTeX entry type: Talk
TQC,2024,regular,TRUE,Stochastic Error Cancellation in Analog Quantum Simulation,Yiyi Cai,Yiyi Cai; Yu Tong; John Preskill,,2311.14818,"Proceedings, Thursday",2024-09-12,13:30:00,30,https://drops.dagstuhl.de/storage/00lipics/lipics-vol310-tqc2024/LIPIcs.TQC.2024.2/LIPIcs.TQC.2024.2.pdf,https://www.youtube.com/watch?v=EA1-S-TBRYs,EA1-S-TBRYs,Outstanding Paper Award,DOI: 10.4230/LIPIcs.TQC.2024.2; LIPIcs proceedings (Dagstuhl); yt_match=1.00; program: BibTeX entry type: Talk
TQC,2024,regular,TRUE,Efficient Optimal Control of Open Quantum Systems,Wenhao He,Wenhao He; Tongyang Li; Xiantao Li; Zecheng Li; Chunhao Wang; Ke Wang,,,"Proceedings, Wednesday",2024-09-11,10:30:00,30,https://drops.dagstuhl.de/storage/00lipics/lipics-vol310-tqc2024/LIPIcs.TQC.2024.3/LIPIcs.TQC.2024.3.pdf,https://www.youtube.com/watch?v=sTWAXplZQZY,sTWAXplZQZY,,DOI: 10.4230/LIPIcs.TQC.2024.3; LIPIcs proceedings (Dagstuhl); yt_match=0.92; program: BibTeX entry type: Talk
TQC,2024,regular,TRUE,One-Wayness in Quantum Cryptography,Tomoyuki Morimae,Tomoyuki Morimae; Takashi Yamakawa,,2210.03394,"Proceedings, Tuesday",2024-09-10,10:30:00,30,https://drops.dagstuhl.de/storage/00lipics/lipics-vol310-tqc2024/LIPIcs.TQC.2024.4/LIPIcs.TQC.2024.4.pdf,https://www.youtube.com/watch?v=9k5LYBQw4uw,9k5LYBQw4uw,,DOI: 10.4230/LIPIcs.TQC.2024.4; LIPIcs proceedings (Dagstuhl); yt_match=1.00; program: BibTeX entry type: Talk
TQC,2024,regular,TRUE,Revocable Quantum Digital Signatures,Tomoyuki Morimae,Tomoyuki Morimae; Alexander Poremba; Takashi Yamakawa,,,"Proceedings, Thursday",2024-09-12,10:30:00,30,https://drops.dagstuhl.de/storage/00lipics/lipics-vol310-tqc2024/LIPIcs.TQC.2024.5/LIPIcs.TQC.2024.5.pdf,https://www.youtube.com/watch?v=mCrbOhfTo7c,mCrbOhfTo7c,,DOI: 10.4230/LIPIcs.TQC.2024.5; LIPIcs proceedings (Dagstuhl); yt_match=1.00; program: BibTeX entry type: Talk
TQC,2024,regular,TRUE,The Quantum Decoding Problem,Jean-Pierre Tillich,André Chailloux; Jean-Pierre Tillich,,,"Proceedings, Tuesday",2024-09-10,16:30:00,30,https://drops.dagstuhl.de/storage/00lipics/lipics-vol310-tqc2024/LIPIcs.TQC.2024.6/LIPIcs.TQC.2024.6.pdf,https://www.youtube.com/watch?v=mbs9NdkQ5vA,mbs9NdkQ5vA,,DOI: 10.4230/LIPIcs.TQC.2024.6; LIPIcs proceedings (Dagstuhl); yt_match=1.00; program: BibTeX entry type: Talk
TQC,2024,regular,TRUE,Eigenpath Traversal by Poisson-Distributed Phase Randomisation,Jérémie Roland,Joseph Cunningham; Jérémie Roland,,,"Proceedings, Thursday",2024-09-12,10:30:00,30,https://drops.dagstuhl.de/storage/00lipics/lipics-vol310-tqc2024/LIPIcs.TQC.2024.7/LIPIcs.TQC.2024.7.pdf,https://www.youtube.com/watch?v=rxMdgnJfkkU,rxMdgnJfkkU,,DOI: 10.4230/LIPIcs.TQC.2024.7; LIPIcs proceedings (Dagstuhl); yt_match=1.00; program: BibTeX entry type: Talk
TQC,2024,regular,TRUE,(Quantum) Complexity of Testing Signed Graph Clusterability,Kuo-Chin Chen,Kuo-Chin Chen; Simon Apers; Min-Hsiu Hsieh,,,"Proceedings, Wednesday",2024-09-11,10:30:00,30,https://drops.dagstuhl.de/storage/00lipics/lipics-vol310-tqc2024/LIPIcs.TQC.2024.8/LIPIcs.TQC.2024.8.pdf,https://www.youtube.com/watch?v=rPvxLemxUZ8,rPvxLemxUZ8,,DOI: 10.4230/LIPIcs.TQC.2024.8; LIPIcs proceedings (Dagstuhl); yt_match=1.00; program: BibTeX entry type: Talk
TQC,2024,regular,TRUE,Quantum Non-Identical Mean Estimation: Efficient Algorithms and Fundamental Limits,Jiachen Hu,Jiachen Hu; Tongyang Li; Xinzhao Wang; Yecheng Xue; Chenyi Zhang; Han Zhong,,2405.12838,"Proceedings, Tuesday",2024-09-10,14:00:00,30,https://drops.dagstuhl.de/storage/00lipics/lipics-vol310-tqc2024/LIPIcs.TQC.2024.9/LIPIcs.TQC.2024.9.pdf,https://www.youtube.com/watch?v=cPjkrPbeL-s,cPjkrPbeL-s,,DOI: 10.4230/LIPIcs.TQC.2024.9; LIPIcs proceedings (Dagstuhl); yt_match=0.83; program: BibTeX entry type: Talk
TQC,2024,regular,TRUE,Guidable Local Hamiltonian Problems with Implications to Heuristic Ansatz State Preparation and the Quantum PCP Conjecture,Jordi Weggemans,Jordi Weggemans; Marten Folkertsma; Chris Cade,,2302.11578,"Proceedings, Thursday",2024-09-12,16:00:00,30,https://drops.dagstuhl.de/storage/00lipics/lipics-vol310-tqc2024/LIPIcs.TQC.2024.10/LIPIcs.TQC.2024.10.pdf,https://www.youtube.com/watch?v=_gEvNtdvPug,_gEvNtdvPug,,DOI: 10.4230/LIPIcs.TQC.2024.10; LIPIcs proceedings (Dagstuhl); yt_match=0.71; program: BibTeX entry type: Talk
TQC,2024,regular,TRUE,A Direct Reduction from the Polynomial to the Adversary Method,Aleksandrs Belovs,Aleksandrs Belovs,,,"Monday, Proceedings",2024-09-09,13:30:00,30,https://drops.dagstuhl.de/storage/00lipics/lipics-vol310-tqc2024/LIPIcs.TQC.2024.11/LIPIcs.TQC.2024.11.pdf,https://www.youtube.com/watch?v=Ry-7J1eOEmo,Ry-7J1eOEmo,,DOI: 10.4230/LIPIcs.TQC.2024.11; LIPIcs proceedings (Dagstuhl); yt_match=1.00; program: BibTeX entry type: Talk
TQC,2024,regular,TRUE,Quantum Delegation with an Off-The-Shelf Device,Anne Broadbent,Anne Broadbent; Arthur Mehta; Yuming Zhao,,2304.03448,Thursday,2024-09-12,11:30:00,30,https://drops.dagstuhl.de/storage/00lipics/lipics-vol310-tqc2024/LIPIcs.TQC.2024.12/LIPIcs.TQC.2024.12.pdf,https://www.youtube.com/watch?v=yOtPgDjYa2M,yOtPgDjYa2M,,DOI: 10.4230/LIPIcs.TQC.2024.12; LIPIcs proceedings (Dagstuhl); yt_match=1.00; program: BibTeX entry type: Talk
