venue,year,paper_type,title,speakers,authors,affiliations,abstract,arxiv_ids,presentation_url,video_url,youtube_id,session_name,award,notes,scheduled_date,scheduled_time,duration_minutes
QIP,2008,invited,Quantum algorithms and universality with non-unitary operators: Approximating the Potts model and the Tutte polynomial,Dorit Aharonov,Dorit Aharonov,Hebrew University,,,,,,,,source_type=claude_extraction,2007-12-21,09:50,45
QIP,2008,invited,An O(N^{1/2+o(1)}) time algorithm for evaluating Boolean formulas on a quantum computer,Andris Ambainis,Andris Ambainis,University of Waterloo and University of Latvia,,,,,,,,source_type=claude_extraction,2007-12-17,11:35,45
QIP,2008,invited,Quantum expanders: motivation and constructions,Avraham Ben-Aroya,Avraham Ben-Aroya,Tel-Aviv university,,,,,,,,source_type=claude_extraction,2007-12-19,09:50,45
QIP,2008,invited,A reversible theory of entanglement and its relation to the second law,Fernando Brandao,Fernando Brandao,"Institute of Mathematical Sciences, Imperial College London",,,,,,,,source_type=claude_extraction,2007-12-20,09:50,45
QIP,2008,invited,Counterexamples to the maximal p-norm multiplicativity conjecture for p > 1,Patrick Hayden,Patrick Hayden,McGill University,,,,,,,,source_type=claude_extraction,2007-12-19,09:00,45
QIP,2008,invited,A hypercontractive inequality for matrix-valued functions,Oded Regev,Oded Regev,Tel-Aviv University,,,,,,,,source_type=claude_extraction,2007-12-18,09:50,45
QIP,2008,invited,Span-program-based quantum algorithm for evaluating formulas,Ben Reichardt,Ben Reichardt,California Institute of Technology,,,,,,,,source_type=claude_extraction,2007-12-17,14:00,45
QIP,2008,invited,Generalized entropies,Renato Renner,Renato Renner,Cambridge,,,,,,,,source_type=claude_extraction,2007-12-20,09:00,45
QIP,2008,invited,Upper bounds on the noise threshold for fault-tolerant quantum computing,Falk Unger,Falk Unger,"CWI, Amsterdam",,,,,,,,source_type=claude_extraction,2007-12-21,09:00,45
QIP,2008,invited,Quantum evolution from a snapshot,Michael Wolf,Michael Wolf,"Max-Planck-Institute for Quantumoptics, Garching",,,,,,,,source_type=claude_extraction,2007-12-18,09:00,45
QIP,2008,regular,Simulating Quantum Correlations with Finite Communication.,Oded Regev,Oded Regev;Ben Toner,,,,,,,,,source_type=claude_extraction,2007-12-21,14:20,30
QIP,2008,regular,The private classical capacity with a symmetric side channel,Graeme Smith,Graeme Smith,,,,,,,,,source_type=claude_extraction,2007-12-21,11:00,30
QIP,2008,regular,Using Entanglement in Quantum Multi-Prover Interactive Proofs,Julia Kempe,Julia Kempe;Hirotada Kobayashi;Keiji Matsumoto;Thomas Vidick,,,,,,,,,source_type=claude_extraction,2007-12-21,14:50,30
QIP,2008,regular,An efficient quantum algorithm for the hidden subgroup problem in nil-2 groups,Gabor Ivanyos,Gabor Ivanyos;Luc Sanselme;Miklos Santha,,,,,,,,,source_type=claude_extraction,2007-12-17,14:50,30
QIP,2008,regular,Codeword Stabilized Quantum Codes,Andrew Cross,Andrew Cross;Graeme Smith;John Smolin;Bei Zeng,,,,,,,,,source_type=claude_extraction,2007-12-19,12:10,30
QIP,2008,regular,Counterexamples to additivity of minimum output p-Renyi entropy for p close to 0,Toby Cubitt,Toby Cubitt;Aram Harrow;Debbie Leung;Ashley Montanaro;Andreas Winter,,,,,,,,,source_type=claude_extraction,2007-12-19,11:00,30
QIP,2008,regular,Classical approximation schemes for the ground-state energy of quantum and classical Ising spin glasses on planar graphs,Nikhil Bansal,Nikhil Bansal;Sergey Bravyi;Barbara Terhal,,,,,,,,,source_type=claude_extraction,2007-12-18,11:00,30
QIP,2008,regular,Quantum entropic security and approximate quantum encryption,Simon-Pierre Desrosiers,Simon-Pierre Desrosiers;Frederic Dupuis,,,,,,,,,source_type=claude_extraction,2007-12-20,14:20,30
QIP,2008,regular,The Unique Games Conjecture with Entangled Provers is False,Julia Kempe,Julia Kempe;Oded Regev;Ben Toner,,,,,,,,,source_type=claude_extraction,2007-12-20,14:50,30
QIP,2008,regular,Anonymous quantum communication,Gilles Brassard,Gilles Brassard;Anne Broadbent;Joseph Fitzsimons;Sebastien Gambs;Alain Tapp,,,,,,,,,source_type=claude_extraction,2007-12-20,11:00,30
QIP,2008,regular,Secure Identification and QKD in the Bounded-Quantum-Storage Model,Ivan Damgaard,Ivan Damgaard;Serge Fehr;Louis Salvail;Christian Schaffner,,,,,,,,,source_type=claude_extraction,2007-12-20,12:10,20
QIP,2008,regular,Quantum Reference Frames and the Classification of Rotationally-Invariant Maps,Jean Christian Boileau,Jean Christian Boileau;Lana Sheridan;Martin Laforest;Stephen Bartlett,,,,,,,,,source_type=claude_extraction,2007-12-17,16:25,20
QIP,2008,regular,A Tight High-Order Entropic Quantum Uncertainty Relation With Applications,Ivan Damgaard,Ivan Damgaard;Serge Fehr;Renato Renner;Louis Salvail;Christian Schaffner,,,,,,,,,source_type=claude_extraction,2007-12-20,11:50,20
QIP,2008,regular,Device-independent security of Quantum Key Distribution,Stefano Pironio,Stefano Pironio;Antonio Acin;Nicolas Brunner;Nicolas Gisin;Serge Massar;Valerio Scarani,,,,,,,,,source_type=claude_extraction,2007-12-20,11:30,20
QIP,2008,regular,Higher entropic uncertainty relations for anti-commuting observables,Stephanie Wehner,Stephanie Wehner;Andreas Winter,,,,,,,,,source_type=claude_extraction,2007-12-20,15:45,20
QIP,2008,regular,"Quantum probabilities, semidefinite programming, and optimization over Hilbert spaces",Stefano Pironio,Stefano Pironio;Miguel Navascues;Antonio Acin,,,,,,,,,source_type=claude_extraction,2007-12-17,16:05,20
QIP,2008,regular,The LU-LC conjecture is false,Zhengfeng Ji,Zhengfeng Ji;Jianxin Chen;Zhaohui Wei;Mingsheng Ying,,,,,,,,,source_type=claude_extraction,2007-12-18,12:10,20
QIP,2008,regular,Quantum Copy-Protection,Scott Aaronson,Scott Aaronson,,,,,,,,,source_type=claude_extraction,2007-12-20,16:05,20
QIP,2008,regular,On the Power of Entangled Provers: Immunizing games against entanglement,Julia Kempe,Julia Kempe;Hirotada Kobayashi;Keiji Matsumoto;Ben Toner;Thomas Vidick,,,,,,,,,source_type=claude_extraction,2007-12-21,11:30,20
QIP,2008,regular,Determinism in Measurement based quantum computation,Daniel E. Browne,Daniel E. Browne;Elham Kashefi;Mehdi Mhalla;Simon Perdrix,,,,,,,,,source_type=claude_extraction,2007-12-18,11:30,20
QIP,2008,regular,Phase transition of computational power in the resource states for one-way quantum computation,Dan Browne,Dan Browne;Matthew Elliot;Steven Flammia;Seth Merkel;Akimasa Miyake;Anthony Short,,,,,,,,,source_type=claude_extraction,2007-12-18,11:50,20
QIP,2008,regular,Quantum expanders from any classical Cayley graph expander,Aram Harrow,Aram Harrow,,,,,,,,,source_type=claude_extraction,2007-12-19,11:30,20
QIP,2008,regular,"Generalized Tsirelson Inequalities, Commuting-Operator Provers, and Multi-Prover Interactive Proof Systems",Tsuyoshi Ito,Tsuyoshi Ito;Hirotada Kobayashi;Daniel Preda;Xiaoming Sun;Andrew C.-C. Yao,,,,,,,,,source_type=claude_extraction,2007-12-21,11:50,20
QIP,2008,regular,Self-teleportation and its application on LOCC estimation and other tasks,Keiji Matsumoto,Keiji Matsumoto,,,,,,,,,source_type=claude_extraction,2007-12-17,15:45,20
QIP,2008,regular,Unbounded-Error Classical and Quantum Communication Complexity,Kazuo Iwama,Kazuo Iwama;Harumichi Nishimura;Rudy Raymond;Shigeru Yamashita,,,,,,,,,source_type=claude_extraction,2007-12-21,15:45,20
QIP,2008,regular,Sampling of min-entropy relative to quantum knowledge,Robert Koenig,Robert Koenig;Renato Renner,,,,,,,,,source_type=claude_extraction,2007-12-21,16:05,20
QIP,2008,regular,De Finetti theorems for finitely exchangeable conditional probability=20 distributions,Matthias Christandl,Matthias Christandl;Ben Toner,,,,,,,,,source_type=claude_extraction,2007-12-21,16:25,20
QIP,2008,regular,Quantum hacking: experimental demonstration of time-shift attack,Yi Zhao,Yi Zhao;Fred Fung;Bing Qi;Christine Chen;Hoi-Kwong Lo,,,,,,,,,source_type=claude_extraction,2007-12-20,16:25,20
QIP,2008,regular,The complexity of simulating non-signaling distributions,Julien Degorre,Julien Degorre;Marc Kaplan;Sophie Laplante;Jeremie Roland,,,,,,,,,source_type=claude_extraction,2007-12-21,12:10,20
QIP,2008,regular,Completely Entangled Random Subspaces,Jonathan Walgate,Jonathan Walgate;Andrew Scott,,,,,,,,,source_type=claude_extraction,2007-12-19,11:50,20
QIP,2008,tutorial,Quantum computation and Shor's factoring algorithm,Ronald de Wolf,Ronald de Wolf,,,,,,,,,added from schedule (tutorial not in original CSV); source_type=claude_extraction,2007-12-17,09:30,45
QIP,2008,tutorial,An invitation to quantum complexity theory,Scott Aaronson,Scott Aaronson,,,,,,,,,added from schedule (tutorial not in original CSV); source_type=claude_extraction,2007-12-17,10:15,45
