former_name,current_name,variant_type,notes
Tobias Eberle,Tobias Gehring,former_name,Name change (Eberle → Gehring); same person — confirmed via QCrypt 2013 best-student-paper record
Tobias Gehring†,Tobias Gehring,alternate_spelling,Footnote-dagger scraping artifact (also fixed at source in qcrypt_2025/talks.csv)
Adnan Hajomer,Adnan A.E. Hajomer,alternate_spelling,"fuzzy-merge: same first+last, fuller middle name/initial/particle"
Alex Grilo,Alex Bredariol Grilo,alternate_spelling,"fuzzy-merge: same first+last, fuller middle name/initial/particle"
Andras Gilyen,Andras Pal Gilyen,alternate_spelling,"fuzzy-merge: same first+last, fuller middle name/initial/particle"
Andrew C.-C. Yao,Andrew Chi-Chih Yao,alternate_spelling,"fuzzy-merge: same first+last, fuller middle name/initial/particle"
Andrew Yao,Andrew Chi-Chih Yao,alternate_spelling,"fuzzy-merge: same first+last, fuller middle name/initial/particle"
Andrey Khesin,Andrey Boris Khesin,alternate_spelling,"fuzzy-merge: same first+last, fuller middle name/initial/particle"
Antonio A. Mele,Antonio Anna Mele,alternate_spelling,"fuzzy-merge: same first+last, fuller middle name/initial/particle"
Barbara Terhal,Barbara Maria Terhal,alternate_spelling,"fuzzy-merge: same first+last, fuller middle name/initial/particle"
Beatriz Dias,Beatriz Cardoso Dias,alternate_spelling,"fuzzy-merge: same first+last, fuller middle name/initial/particle"
Cedric Lin,Cedric Yen-Yu Lin,alternate_spelling,"fuzzy-merge: same first+last, fuller middle name/initial/particle"
Charles Ci-Wen Lim,Charles Ci Wen Lim,alternate_spelling,"fuzzy-merge: same first+last, fuller middle name/initial/particle"
Charles C.-W. Lim,Charles Ci Wen Lim,alternate_spelling,"fuzzy-merge: same first+last, fuller middle name/initial/particle"
Charles Lim,Charles Ci Wen Lim,alternate_spelling,"fuzzy-merge: same first+last, fuller middle name/initial/particle"
Daniel K. L. Oi,Daniel K.L. Oi,alternate_spelling,"fuzzy-merge: same first+last, fuller middle name/initial/particle"
Davide Marangon,Davide Giacomo Marangon,alternate_spelling,"fuzzy-merge: same first+last, fuller middle name/initial/particle"
Dax Koh,Dax Enshan Koh,alternate_spelling,"fuzzy-merge: same first+last, fuller middle name/initial/particle"
Emma Medlock,Emma Tien Hwai Medlock,alternate_spelling,"fuzzy-merge: same first+last, fuller middle name/initial/particle"
Ernest Y.-Z. Tan,Ernest Y. -Z. Tan,alternate_spelling,"fuzzy-merge: same first+last, fuller middle name/initial/particle"
Ernest Tan,Ernest Y. -Z. Tan,alternate_spelling,"fuzzy-merge: same first+last, fuller middle name/initial/particle"
Fernando G.S.L. Brandao,Fernando G.S L. Brandão,alternate_spelling,"fuzzy-merge: same first+last, fuller middle name/initial/particle"
Fernando Brandao,Fernando G.S L. Brandão,alternate_spelling,"fuzzy-merge: same first+last, fuller middle name/initial/particle"
Fernando Jeronimo,Fernando Granha Jeronimo,alternate_spelling,"fuzzy-merge: same first+last, fuller middle name/initial/particle"
Florian Curchod,Florian John Curchod,alternate_spelling,"fuzzy-merge: same first+last, fuller middle name/initial/particle"
Francesco A. Mele,Francesco Anna Mele,alternate_spelling,"fuzzy-merge: same first+last, fuller middle name/initial/particle"
Francesco B. L Santagiustina,Francesco Bruno Leonardo Santagiustina,alternate_spelling,"fuzzy-merge: same first+last, fuller middle name/initial/particle"
Francisco Revson F. Pereira,Francisco Revson Fernandes Pereira,alternate_spelling,"fuzzy-merge: same first+last, fuller middle name/initial/particle"
Gabriel Senno,Gabriel Ignacio Senno,alternate_spelling,"fuzzy-merge: same first+last, fuller middle name/initial/particle"
Garnet Chan,Garnet Kin-Lic Chan,alternate_spelling,"fuzzy-merge: same first+last, fuller middle name/initial/particle"
Guang Low,Guang Hao Low,alternate_spelling,"fuzzy-merge: same first+last, fuller middle name/initial/particle"
Hsin-Yuan Huang,Hsin-Yuan Robert Huang,alternate_spelling,"fuzzy-merge: same first+last, fuller middle name/initial/particle"
Ignatius W. Primaatmaja,Ignatius William Primaatmaja,alternate_spelling,"fuzzy-merge: same first+last, fuller middle name/initial/particle"
Ivo Degiovanni,Ivo Pietro Degiovanni,alternate_spelling,"fuzzy-merge: same first+last, fuller middle name/initial/particle"
Jens Eberhardt,Jens Niklas Eberhardt,alternate_spelling,"fuzzy-merge: same first+last, fuller middle name/initial/particle"
John Wetering,John van de Wetering,alternate_spelling,"fuzzy-merge: same first+last, fuller middle name/initial/particle"
Jonatan B. Brask,Jonatan Bohr Brask,alternate_spelling,"fuzzy-merge: same first+last, fuller middle name/initial/particle"
Joao F. Doriguello,João Fernando Doriguello,alternate_spelling,"fuzzy-merge: same first+last, fuller middle name/initial/particle"
Julio C. Magdalena de la Fuente,Julio Carlos Magdalena de la Fuente,alternate_spelling,"fuzzy-merge: same first+last, fuller middle name/initial/particle"
June-Koo Rhee,June-Koo Kevin Rhee,alternate_spelling,"fuzzy-merge: same first+last, fuller middle name/initial/particle"
Koenraad Audenaert,Koenraad M.R. Audenaert,alternate_spelling,"fuzzy-merge: same first+last, fuller middle name/initial/particle"
Krysta Svore,Krysta Marie Svore,alternate_spelling,"fuzzy-merge: same first+last, fuller middle name/initial/particle"
Laleh Aghabaie Beni,Laleh Aghababaie Beni,alternate_spelling,"fuzzy-merge: same first+last, fuller middle name/initial/particle"
Lauritz Luijk,Lauritz van Luijk,alternate_spelling,"fuzzy-merge: same first+last, fuller middle name/initial/particle"
Leif Oxenlowe,Leif Katsuo Oxenløwe,alternate_spelling,"fuzzy-merge: same first+last, fuller middle name/initial/particle"
Manasi Shingane,Manasi Mangesh Shingane,alternate_spelling,"fuzzy-merge: same first+last, fuller middle name/initial/particle"
Marcus Silva,Marcus P. Da Silva,alternate_spelling,"fuzzy-merge: same first+last, fuller middle name/initial/particle"
Matías R. Bolaños Wagner,Matías Rubén Bolaños Wagner,alternate_spelling,"fuzzy-merge: same first+last, fuller middle name/initial/particle"
Michael Nielsen,Michael Aaron Nielsen,alternate_spelling,"fuzzy-merge: same first+last, fuller middle name/initial/particle"
Michael Oliveira,Michael de Oliveira,alternate_spelling,"fuzzy-merge: same first+last, fuller middle name/initial/particle"
Pablo Ataides,Pablo Bonilla Ataides,alternate_spelling,"fuzzy-merge: same first+last, fuller middle name/initial/particle"
Pedro Costa,Pedro C.S. Costa,alternate_spelling,"fuzzy-merge: same first+last, fuller middle name/initial/particle"
Pradeep Sarvepalli,Pradeep Kiran Sarvepalli,alternate_spelling,"fuzzy-merge: same first+last, fuller middle name/initial/particle"
Salvatore F.E. Oliviero,Salvatore Francesco Emanuele Oliviero,alternate_spelling,"fuzzy-merge: same first+last, fuller middle name/initial/particle"
Salvatore F. E. Oliviero,Salvatore Francesco Emanuele Oliviero,alternate_spelling,"fuzzy-merge: same first+last, fuller middle name/initial/particle"
Scott Glancy,Scott Charles Glancy,alternate_spelling,"fuzzy-merge: same first+last, fuller middle name/initial/particle"
Shlok Nahar,Shlok Ashok Nahar,alternate_spelling,"fuzzy-merge: same first+last, fuller middle name/initial/particle"
Siddarth Joshi,Siddarth Koduru Joshi,alternate_spelling,"fuzzy-merge: same first+last, fuller middle name/initial/particle"
Sigurd A. L. Storgaard,Sigurd Anker Laursen Storgaard,alternate_spelling,"fuzzy-merge: same first+last, fuller middle name/initial/particle"
Syed M. Assad,Syed Muhamad Assad,alternate_spelling,"fuzzy-merge: same first+last, fuller middle name/initial/particle"
Thais L. Silva,Thais Lima Silva,alternate_spelling,"fuzzy-merge: same first+last, fuller middle name/initial/particle"
Thomas Bochmann Pedersen,Thomas Brochmann Pedersen,alternate_spelling,"fuzzy-merge: same first+last, fuller middle name/initial/particle"
Thomas Pedersen,Thomas Brochmann Pedersen,alternate_spelling,"fuzzy-merge: same first+last, fuller middle name/initial/particle"
Thor Nielsen,Thor Gabelgaard Nielsen,alternate_spelling,"fuzzy-merge: same first+last, fuller middle name/initial/particle"
Ulrik Andersen,Ulrik Lund Andersen,alternate_spelling,"fuzzy-merge: same first+last, fuller middle name/initial/particle"
Vahid Asadi,Vahid Reza Asadi,alternate_spelling,"fuzzy-merge: same first+last, fuller middle name/initial/particle"
Wolfram Pernice,Wolfram H.P. Pernice,alternate_spelling,"fuzzy-merge: same first+last, fuller middle name/initial/particle"
Xiang Wang,Xiang Bin Wang,alternate_spelling,"fuzzy-merge: same first+last, fuller middle name/initial/particle"
Xiao Hu,Xiao Long Hu,alternate_spelling,"fuzzy-merge: same first+last, fuller middle name/initial/particle"
Yael Kalai,Yael Tauman Kalai,alternate_spelling,"fuzzy-merge: same first+last, fuller middle name/initial/particle"
Yuval Sanders,Yuval Rishu Sanders,alternate_spelling,"fuzzy-merge: same first+last, fuller middle name/initial/particle"
Zahra Khanian,Zahra Baghali Khanian,alternate_spelling,"fuzzy-merge: same first+last, fuller middle name/initial/particle"
Akash Oruganti,Akash Nag Oruganti,alternate_spelling,"fuzzy-merge: same first+last, fuller middle name/initial/particle"
Alok Pan,Alok Kumar Pan,alternate_spelling,"fuzzy-merge: same first+last, fuller middle name/initial/particle"
Alvaro Alhambra,Alvaro Martin Alhambra,alternate_spelling,"fuzzy-merge: same first+last, fuller middle name/initial/particle"
Ananda G. Maity,Ananda Gopal Maity,alternate_spelling,"fuzzy-merge: same first+last, fuller middle name/initial/particle"
Anirban Chowdhury,Anirban Narayan Chowdhury,alternate_spelling,"fuzzy-merge: same first+last, fuller middle name/initial/particle"
Ashutosh Goswami,Ashutosh Kumar Goswami,alternate_spelling,"fuzzy-merge: same first+last, fuller middle name/initial/particle"
Daniel Brod,Daniel Jost Brod,alternate_spelling,"fuzzy-merge: same first+last, fuller middle name/initial/particle"
Daniel Kl Oi,Daniel K.L. Oi,alternate_spelling,"fuzzy-merge: same first+last, fuller middle name/initial/particle"
Daniel Oi,Daniel K.L. Oi,alternate_spelling,"fuzzy-merge: same first+last, fuller middle name/initial/particle"
David Cui,David Zhiyang Cui,alternate_spelling,"fuzzy-merge: same first+last, fuller middle name/initial/particle"
Devin Smith,Devin Hugh Smith,alternate_spelling,"fuzzy-merge: same first+last, fuller middle name/initial/particle"
Emmanuel Cruzeiro,Emmanuel Zambrini Cruzeiro,alternate_spelling,"fuzzy-merge: same first+last, fuller middle name/initial/particle"
Ernest Y-Z. Tan,Ernest Y. -Z. Tan,alternate_spelling,"fuzzy-merge: same first+last, fuller middle name/initial/particle"
Fernando Melo,Fernando de Melo,alternate_spelling,"fuzzy-merge: same first+last, fuller middle name/initial/particle"
Francesco Santagiustina,Francesco Bruno Leonardo Santagiustina,alternate_spelling,"fuzzy-merge: same first+last, fuller middle name/initial/particle"
Franklin L. Marquezino,Franklin De Lima Marquezino,alternate_spelling,"fuzzy-merge: same first+last, fuller middle name/initial/particle"
Gerard Munné,Gerard Anglès Munné,alternate_spelling,"fuzzy-merge: same first+last, fuller middle name/initial/particle"
Gyorgy Geher,Gyorgy Pal Geher,alternate_spelling,"fuzzy-merge: same first+last, fuller middle name/initial/particle"
Ignacio F. Rúa,Ignacio Fernández Rúa,alternate_spelling,"fuzzy-merge: same first+last, fuller middle name/initial/particle"
Ittoop V. Puthoor,Ittoop Vergheese Puthoor,alternate_spelling,"fuzzy-merge: same first+last, fuller middle name/initial/particle"
Joo Cho,Joo Yeon Cho,alternate_spelling,"fuzzy-merge: same first+last, fuller middle name/initial/particle"
Joran Apeldoorn,Joran van Apeldoorn,alternate_spelling,"fuzzy-merge: same first+last, fuller middle name/initial/particle"
João F. Doriguello,João Fernando Doriguello,alternate_spelling,"fuzzy-merge: same first+last, fuller middle name/initial/particle"
Katherine Brown,Katherine Louise Brown,alternate_spelling,"fuzzy-merge: same first+last, fuller middle name/initial/particle"
Lídia Rio,Lidia del Rio,alternate_spelling,"fuzzy-merge: same first+last, fuller middle name/initial/particle"
Lieven Vandersypen,Lieven M.K. Vandersypen,alternate_spelling,"fuzzy-merge: same first+last, fuller middle name/initial/particle"
Manish K. Gupta,Manish Kumar Gupta,alternate_spelling,"fuzzy-merge: same first+last, fuller middle name/initial/particle"
Marcio F. Cornelio,Marcio Fernando Cornelio,alternate_spelling,"fuzzy-merge: same first+last, fuller middle name/initial/particle"
Maria Ana Pereira,Maria Ana Afonso Pereira,alternate_spelling,"fuzzy-merge: same first+last, fuller middle name/initial/particle"
Martin J. Renner,Martin Johannes Renner,alternate_spelling,"fuzzy-merge: same first+last, fuller middle name/initial/particle"
Martin v. Helversen,Martin von Helversen,alternate_spelling,"fuzzy-merge: same first+last, fuller middle name/initial/particle"
Michael G. Jabbour,Michael Gide Jabbour,alternate_spelling,"fuzzy-merge: same first+last, fuller middle name/initial/particle"
Minh Tran,Minh Cong Tran,alternate_spelling,"fuzzy-merge: same first+last, fuller middle name/initial/particle"
Moisés Moran,Moisés Bermejo Morán,alternate_spelling,"fuzzy-merge: same first+last, fuller middle name/initial/particle"
Nadish Silva,Nadish de Silva,alternate_spelling,"fuzzy-merge: same first+last, fuller middle name/initial/particle"
Naresh Sharma,Naresh Kumar Sharma,alternate_spelling,"fuzzy-merge: same first+last, fuller middle name/initial/particle"
Nelly Ng,Nelly Huei Ying Ng,alternate_spelling,"fuzzy-merge: same first+last, fuller middle name/initial/particle"
Ram Patra,Ram Krishna Patra,alternate_spelling,"fuzzy-merge: same first+last, fuller middle name/initial/particle"
Sahil Naik,Sahil Gopalkrishna Naik,alternate_spelling,"fuzzy-merge: same first+last, fuller middle name/initial/particle"
Salvatore Oliviero,Salvatore Francesco Emanuele Oliviero,alternate_spelling,"fuzzy-merge: same first+last, fuller middle name/initial/particle"
Sebastian Bone,Sebastian de Bone,alternate_spelling,"fuzzy-merge: same first+last, fuller middle name/initial/particle"
Shashank Ranu,Shashank Kumar Ranu,alternate_spelling,"fuzzy-merge: same first+last, fuller middle name/initial/particle"
Sigurd Storgaard,Sigurd Anker Laursen Storgaard,alternate_spelling,"fuzzy-merge: same first+last, fuller middle name/initial/particle"
Syed M Assad,Syed Muhamad Assad,alternate_spelling,"fuzzy-merge: same first+last, fuller middle name/initial/particle"
Thinh Le,Thinh Phuc Le,alternate_spelling,"fuzzy-merge: same first+last, fuller middle name/initial/particle"
Zhe Koong,Zhe Xian Koong,alternate_spelling,"fuzzy-merge: same first+last, fuller middle name/initial/particle"
Álvaro G. Iñesta,Álvaro Gómez Iñesta,alternate_spelling,"fuzzy-merge: same first+last, fuller middle name/initial/particle"
Subhendu B. Ghosh,Subhendu Bikash Ghosh,alternate_spelling,"fuzzy-merge: same first+last, fuller middle name/initial/particle"
